cell_x,cell_y,cell_type
19.0,77.84,vmyjpwbc
80.71,13.21,nnmxcunf
71.54,88.46,lcyhvahq
83.19,18.47,zbcjnsmf
91.47,72.75,yyjudwmd
58.32,91.23,vnzpyqjr
46.94,8.68,simxwafm
37.8,8.41,oowkxckz
0.24,18.89,yyjudwmd
75.06,81.02,zbcjnsmf
94.73,47.45,nnmxcunf
38.54,38.95,vceulokc
78.69,32.54,zbcjnsmf
45.97,76.9,ijjavgrh
85.46,14.21,zbcjnsmf
18.24,7.42,qrecwitc
50.69,68.98,aekslgqu
13.31,10.14,zbcjnsmf
73.51,0.71,idpsoguk
38.57,91.62,yyjudwmd
72.27,83.75,vnzpyqjr
31.03,43.07,tevouzco
89.35,60.06,fpazssfj
79.8,62.62,yyjudwmd
36.06,57.74,kwmdqsee
26.07,78.72,tevouzco
6.58,75.36,aonpzaqt
44.38,33.12,vrgqottq
2.43,24.2,rnnztafc
44.04,94.6,rnnztafc
36.11,28.61,idpsoguk
84.51,1.93,tevouzco
99.58,88.43,nnmxcunf
20.76,63.42,tlwkqzyg
18.73,49.47,qkjpeopx
51.03,1.13,bkqhrcrg
12.94,17.4,aonpzaqt
28.85,87.44,aonpzaqt
5.99,34.79,luqubeti
59.67,11.56,tlwkqzyg
94.54,88.73,lcyhvahq
43.46,38.4,simxwafm
64.19,61.5,fpazssfj
18.81,76.31,tevouzco
82.0,17.92,aekslgqu
9.31,64.31,ijjavgrh
72.1,66.14,vnzpyqjr
81.84,29.19,nnmxcunf
58.9,74.76,vrgqottq
43.91,66.32,jzloniiw
56.72,14.07,yyjudwmd
61.32,58.87,aekslgqu
52.1,9.99,aekslgqu
11.64,44.65,yyjudwmd
63.79,39.68,meivjgum
11.02,88.81,kwmdqsee
95.66,19.1,ydbvzwpl
72.32,34.85,fpazssfj
5.5,80.79,nnmxcunf
93.9,56.58,oowkxckz
71.95,71.35,idpsoguk
27.06,32.47,vmyjpwbc
47.02,92.38,aonpzaqt
73.2,80.82,tevouzco
20.58,35.66,simxwafm
68.34,98.43,aekslgqu
48.8,36.71,meivjgum
58.93,69.34,fpazssfj
92.45,47.92,xeqcssgc
45.2,11.1,yyjudwmd
15.6,71.35,vceulokc
97.04,89.58,tlwkqzyg
83.55,55.3,tlwkqzyg
78.45,37.08,meivjgum
52.46,65.77,meivjgum
99.33,97.23,vceulokc
51.8,98.42,meivjgum
5.24,86.03,meivjgum
39.31,48.19,yyjudwmd
15.96,61.41,ijjavgrh
80.14,4.77,xeqcssgc
64.61,8.46,vceulokc
1.38,70.56,aonpzaqt
33.01,70.75,bkqhrcrg
91.36,13.62,ydbvzwpl
40.53,85.26,aekslgqu
67.83,88.96,aekslgqu
51.76,46.65,luqubeti
46.19,51.67,aonpzaqt
3.53,68.59,nnmxcunf
52.37,27.03,qrecwitc
41.82,50.81,meivjgum
14.44,82.39,ijjavgrh
2.56,55.69,zbcjnsmf
33.61,92.71,meivjgum
35.08,9.97,nnmxcunf
70.0,92.32,vrgqottq
51.8,35.87,luqubeti
81.87,33.62,vrgqottq
0.11,73.31,ujqruxxx
4.95,61.35,vmyjpwbc
75.2,21.91,aekslgqu
6.21,7.42,meivjgum
82.01,73.73,ujqruxxx
15.75,43.08,tevouzco
69.59,41.94,tevouzco
53.4,61.25,vnzpyqjr
80.21,26.34,ydbvzwpl
63.85,35.96,vceulokc
77.79,18.75,nnmxcunf
76.29,79.3,vmyjpwbc
98.11,25.8,idpsoguk
41.1,16.78,nnmxcunf
28.63,14.21,oowkxckz
45.84,41.65,luqubeti
44.57,41.13,idpsoguk
23.07,17.16,yyjudwmd
98.45,69.45,ujqruxxx
35.4,99.66,ydbvzwpl
81.53,42.38,qkjpeopx
14.21,25.66,ujqruxxx
93.06,46.98,oowkxckz
54.26,95.71,xeqcssgc
44.87,3.35,tzncueca
45.14,51.52,yyjudwmd
86.29,94.27,nnmxcunf
40.66,48.63,bkqhrcrg
81.0,33.33,bkqhrcrg
8.73,82.65,rnnztafc
17.23,72.96,tzncueca
31.22,35.49,jzloniiw
48.36,12.28,luqubeti
29.18,70.68,xeqcssgc
77.71,9.67,idpsoguk
51.96,80.06,vmyjpwbc
30.91,91.37,qkjpeopx
85.26,31.77,qrecwitc
53.24,62.12,ydbvzwpl
42.63,39.02,idpsoguk
68.77,46.34,vrgqottq
15.23,76.91,aekslgqu
45.99,77.72,fpazssfj
25.61,14.0,jzloniiw
88.08,16.1,bkqhrcrg
93.44,65.66,yyjudwmd
20.7,53.18,tevouzco
26.37,61.67,meivjgum
88.61,63.3,tevouzco
42.63,23.75,idpsoguk
28.33,15.89,xeqcssgc
73.5,36.38,yyjudwmd
27.17,88.04,qkjpeopx
82.52,40.73,vrgqottq
15.33,23.23,vmyjpwbc
66.89,65.86,fpazssfj
22.95,91.75,simxwafm
14.06,85.43,rnnztafc
66.08,80.76,oowkxckz
33.83,59.83,zbcjnsmf
68.7,10.16,xeqcssgc
91.13,28.46,lcyhvahq
85.13,13.61,vmyjpwbc
68.79,27.22,idpsoguk
75.44,32.09,vceulokc
74.95,33.21,oowkxckz
19.75,92.06,vnzpyqjr
1.45,21.56,rnnztafc
79.34,24.02,simxwafm
45.66,49.28,bkqhrcrg
98.65,56.78,vceulokc
55.23,42.47,ijjavgrh
3.9,7.16,lcyhvahq
68.66,8.19,qrecwitc
15.96,45.44,rnnztafc
4.51,28.1,nnmxcunf
2.53,87.03,kwmdqsee
97.69,62.19,oowkxckz
32.31,92.63,tzncueca
15.58,15.4,vmyjpwbc
79.98,31.4,tlwkqzyg
22.3,99.22,jzloniiw
13.8,0.98,qkjpeopx
29.02,71.68,kwmdqsee
68.59,58.13,xeqcssgc
2.32,77.78,aekslgqu
91.8,62.41,aoiltihr
64.92,39.74,tevouzco
14.22,6.78,vceulokc
19.59,50.43,ydbvzwpl
75.09,41.88,yyjudwmd
44.82,20.05,yyjudwmd
79.48,87.35,fpazssfj
98.69,77.21,vnzpyqjr
16.81,49.96,lcyhvahq
84.81,70.02,vmyjpwbc
10.34,17.27,oowkxckz
26.56,69.95,ijjavgrh
22.34,95.56,rnnztafc
74.4,76.22,vmyjpwbc
68.33,17.91,aonpzaqt
63.1,69.15,zbcjnsmf
51.1,72.53,ydbvzwpl
16.73,17.24,vmyjpwbc
53.78,46.89,meivjgum
98.55,67.66,ujqruxxx
55.52,9.07,vmyjpwbc
56.8,79.98,vrgqottq
50.34,74.5,simxwafm
26.81,34.24,vnzpyqjr
88.97,57.29,vmyjpwbc
66.55,27.75,nnmxcunf
69.97,37.54,jzloniiw
77.92,52.78,jzloniiw
5.59,59.45,ydbvzwpl
70.64,0.34,oowkxckz
80.03,0.26,tlwkqzyg
83.68,71.96,lcyhvahq
17.62,71.85,lcyhvahq
40.06,73.37,kwmdqsee
24.88,63.65,aoiltihr
1.58,87.14,vceulokc
15.28,74.67,simxwafm
20.7,21.69,nnmxcunf
75.07,49.87,tevouzco
21.29,9.84,meivjgum
20.06,80.61,luqubeti
77.84,16.84,xeqcssgc
67.96,64.76,luqubeti
20.75,99.52,tzncueca
16.61,56.25,jzloniiw
50.2,50.31,vrgqottq
35.47,48.98,vmyjpwbc
35.12,77.09,ujqruxxx
26.65,20.42,idpsoguk
30.51,39.85,ydbvzwpl
94.56,43.75,vmyjpwbc
98.2,56.92,meivjgum
39.13,88.88,kwmdqsee
90.34,84.83,aonpzaqt
23.31,35.41,simxwafm
16.1,17.56,bkqhrcrg
4.73,0.83,vceulokc
33.93,76.19,fpazssfj
73.48,92.63,zbcjnsmf
23.58,40.9,tzncueca
22.8,41.77,zbcjnsmf
53.33,72.98,nnmxcunf
23.4,14.97,ydbvzwpl
73.43,18.16,zbcjnsmf
69.41,17.0,rnnztafc
34.6,49.49,vmyjpwbc
42.5,77.74,nnmxcunf
16.06,34.63,ydbvzwpl
72.84,17.61,bkqhrcrg
12.11,40.48,zbcjnsmf
52.74,53.82,ijjavgrh
13.23,98.31,vrgqottq
47.19,5.48,aoiltihr
76.43,1.69,lcyhvahq
30.94,81.3,simxwafm
52.69,42.44,simxwafm
41.02,3.26,qrecwitc
6.5,43.31,vrgqottq
77.55,33.76,oowkxckz
29.17,18.27,yyjudwmd
98.06,10.69,ijjavgrh
81.8,40.94,ydbvzwpl
44.59,59.18,aonpzaqt
91.68,14.16,simxwafm
14.49,2.3,qkjpeopx
42.74,84.08,bkqhrcrg
8.13,28.76,aoiltihr
75.51,9.37,qrecwitc
36.07,26.81,tevouzco
19.29,77.62,tevouzco
67.74,20.11,rnnztafc
43.25,95.51,vnzpyqjr
90.19,52.54,xeqcssgc
86.75,60.31,aekslgqu
53.62,33.56,luqubeti
81.65,70.43,qkjpeopx
49.95,85.78,fpazssfj
1.17,83.68,qkjpeopx
55.95,92.58,idpsoguk
52.59,66.5,rnnztafc
56.55,90.35,nnmxcunf
38.98,4.14,idpsoguk
4.01,30.54,bkqhrcrg
50.24,93.65,qkjpeopx
30.57,69.18,aekslgqu
31.57,49.67,qkjpeopx
48.19,82.42,vnzpyqjr
50.46,31.73,jzloniiw
52.87,9.98,oowkxckz
82.37,44.59,ujqruxxx
79.52,73.0,aekslgqu
44.64,6.03,vrgqottq
81.64,95.45,vmyjpwbc
21.9,13.81,vrgqottq
15.68,69.82,vceulokc
65.79,16.05,qrecwitc
15.01,34.68,vrgqottq
28.21,90.65,fpazssfj
58.72,36.17,ydbvzwpl
1.4,69.38,ydbvzwpl
23.84,34.93,vnzpyqjr
41.48,60.5,ijjavgrh
12.92,65.36,kwmdqsee
85.41,99.3,qkjpeopx
84.37,58.75,vmyjpwbc
51.25,25.45,aekslgqu
61.81,44.3,vnzpyqjr
33.02,96.7,vrgqottq
20.49,52.7,lcyhvahq
79.37,21.82,oowkxckz
56.86,1.47,rnnztafc
18.86,9.74,aonpzaqt
34.62,79.55,ujqruxxx
84.34,85.23,tlwkqzyg
2.26,85.81,aekslgqu
87.53,51.93,tevouzco
2.08,99.57,xeqcssgc
86.82,62.09,tzncueca
56.34,9.69,aekslgqu
89.32,49.42,tzncueca
33.86,63.0,meivjgum
23.0,20.67,rnnztafc
95.47,57.2,vceulokc
36.93,15.65,yyjudwmd
52.43,45.61,aekslgqu
49.92,51.9,lcyhvahq
87.12,71.45,aekslgqu
27.77,18.13,aonpzaqt
17.41,19.02,bkqhrcrg
78.3,37.29,ydbvzwpl
73.98,28.48,simxwafm
32.34,71.53,fpazssfj
72.11,7.72,yyjudwmd
11.14,5.04,kwmdqsee
53.82,49.32,jzloniiw
61.84,73.06,tzncueca
40.81,53.0,tzncueca
53.02,28.8,simxwafm
75.24,15.31,qkjpeopx
44.37,51.13,fpazssfj
16.64,30.87,qkjpeopx
79.14,94.21,vnzpyqjr
81.45,26.87,tevouzco
6.01,78.98,jzloniiw
67.43,53.5,fpazssfj
79.27,66.05,ydbvzwpl
82.6,85.74,aoiltihr
98.66,27.21,idpsoguk
55.77,57.17,jzloniiw
24.36,39.11,aoiltihr
79.69,21.24,vceulokc
97.63,1.13,bkqhrcrg
62.98,98.59,vnzpyqjr
48.23,29.91,oowkxckz
72.07,69.3,tzncueca
28.15,13.3,vmyjpwbc
10.91,65.7,ydbvzwpl
52.17,66.5,yyjudwmd
88.19,88.85,kwmdqsee
79.86,69.06,qkjpeopx
5.33,14.34,yyjudwmd
83.43,53.06,rnnztafc
69.78,43.32,oowkxckz
52.45,20.15,aoiltihr
40.79,71.3,ujqruxxx
43.53,47.23,qrecwitc
85.64,36.63,vmyjpwbc
36.76,96.11,tevouzco
5.45,75.68,ijjavgrh
29.45,71.08,simxwafm
39.88,21.18,qrecwitc
4.31,95.86,aoiltihr
41.11,62.56,aoiltihr
20.21,69.24,rnnztafc
87.8,22.95,kwmdqsee
47.66,63.81,bkqhrcrg
37.52,46.54,vnzpyqjr
86.14,2.27,lcyhvahq
76.97,91.95,lcyhvahq
64.17,40.78,meivjgum
32.91,91.19,ydbvzwpl
53.79,64.13,ujqruxxx
30.22,42.68,vceulokc
67.09,70.47,tlwkqzyg
2.81,8.16,oowkxckz
93.55,92.7,tzncueca
83.18,38.92,vmyjpwbc
54.91,56.81,aoiltihr
12.14,35.48,vmyjpwbc
25.25,22.66,xeqcssgc
53.19,96.96,kwmdqsee
45.7,81.2,qkjpeopx
39.44,68.8,vmyjpwbc
33.22,6.47,vrgqottq
79.09,34.46,simxwafm
75.96,90.48,lcyhvahq
30.66,9.84,kwmdqsee
3.0,17.67,tevouzco
30.94,25.29,bkqhrcrg
19.83,93.79,ujqruxxx
77.66,57.67,ydbvzwpl
28.27,24.66,ijjavgrh
93.8,65.52,vnzpyqjr
59.91,87.79,kwmdqsee
27.65,32.56,tlwkqzyg
48.29,19.86,idpsoguk
81.71,77.14,qrecwitc
27.05,75.89,jzloniiw
20.97,14.75,lcyhvahq
8.73,74.87,kwmdqsee
60.51,76.92,nnmxcunf
59.96,76.81,tzncueca
14.71,50.27,ijjavgrh
33.65,30.21,oowkxckz
83.17,8.02,tzncueca
76.27,42.78,idpsoguk
22.55,34.45,kwmdqsee
58.01,3.63,xeqcssgc
56.53,33.29,simxwafm
62.85,91.25,tevouzco
86.2,35.74,aoiltihr
68.64,40.09,tzncueca
45.58,89.77,oowkxckz
64.18,95.37,tzncueca
44.33,51.85,aonpzaqt
69.15,0.74,tzncueca
91.44,28.22,fpazssfj
87.9,13.88,luqubeti
83.25,13.91,oowkxckz
48.0,44.23,tevouzco
81.78,72.59,fpazssfj
45.63,29.96,aekslgqu
21.94,53.45,xeqcssgc
59.44,32.99,simxwafm
45.75,40.38,luqubeti
77.19,34.01,zbcjnsmf
41.06,95.52,tlwkqzyg
17.49,90.36,luqubeti
55.48,67.49,vceulokc
4.17,23.91,tzncueca
19.38,11.44,rnnztafc
52.32,32.65,vrgqottq
60.34,20.47,xeqcssgc
11.35,76.72,aonpzaqt
35.75,12.52,simxwafm
76.68,66.13,kwmdqsee
50.52,78.06,fpazssfj
27.42,86.53,vrgqottq
21.29,42.57,luqubeti
23.6,73.23,aekslgqu
8.44,83.09,yyjudwmd
10.61,8.24,aekslgqu
50.53,74.79,qrecwitc
53.85,99.87,ujqruxxx
27.16,24.09,simxwafm
67.25,7.41,aekslgqu
47.67,25.68,yyjudwmd
10.64,19.02,ydbvzwpl
67.09,72.46,aoiltihr
0.82,77.44,tlwkqzyg
81.4,0.48,bkqhrcrg
42.21,76.72,ijjavgrh
67.93,6.12,luqubeti
86.49,16.02,bkqhrcrg
36.42,49.26,kwmdqsee
67.45,79.24,bkqhrcrg
31.24,89.41,qrecwitc
64.03,28.13,jzloniiw
66.62,13.14,tlwkqzyg
17.96,53.6,simxwafm
5.63,66.45,jzloniiw
26.95,55.67,nnmxcunf
63.17,71.31,nnmxcunf
93.33,98.57,aoiltihr
34.46,84.94,aekslgqu
27.79,89.43,aekslgqu
35.4,17.74,ujqruxxx
97.09,2.63,simxwafm
86.77,44.62,simxwafm
35.22,52.25,fpazssfj
75.49,41.4,bkqhrcrg
67.33,56.42,qkjpeopx
67.86,16.24,aoiltihr
33.52,46.59,yyjudwmd
42.21,83.44,yyjudwmd
81.02,65.46,nnmxcunf
26.13,68.44,bkqhrcrg
1.65,74.68,simxwafm
98.36,60.48,ijjavgrh
79.57,46.86,jzloniiw
18.56,83.04,simxwafm
69.28,52.67,simxwafm
77.95,21.58,vceulokc
39.78,11.4,jzloniiw
62.75,70.39,aekslgqu
64.23,12.05,ijjavgrh
51.29,25.46,vrgqottq
80.56,25.41,fpazssfj
29.88,93.91,nnmxcunf
85.33,63.0,simxwafm
57.47,66.16,rnnztafc
94.23,98.12,lcyhvahq
71.2,44.31,aoiltihr
52.07,81.09,yyjudwmd
37.13,89.07,meivjgum
56.66,40.78,aonpzaqt
21.33,69.52,bkqhrcrg
36.65,89.18,luqubeti
26.75,96.12,ydbvzwpl
64.44,66.69,aonpzaqt
31.26,95.6,meivjgum
65.98,55.94,xeqcssgc
30.38,68.89,zbcjnsmf
3.57,1.26,nnmxcunf
41.47,77.61,vrgqottq
30.26,1.62,xeqcssgc
60.84,59.06,kwmdqsee
61.08,66.93,aoiltihr
67.8,35.37,fpazssfj
7.08,62.36,aonpzaqt
52.54,48.97,kwmdqsee
78.79,54.65,aoiltihr
43.25,43.66,simxwafm
23.21,2.33,vnzpyqjr
60.36,61.46,luqubeti
34.32,24.82,zbcjnsmf
11.61,21.67,aonpzaqt
58.06,9.14,vrgqottq
95.08,23.72,aoiltihr
54.93,13.09,vrgqottq
20.13,12.65,tlwkqzyg
78.21,32.22,vnzpyqjr
56.62,50.67,nnmxcunf
2.84,7.16,aonpzaqt
62.43,24.5,qrecwitc
9.56,44.65,jzloniiw
50.37,55.28,kwmdqsee
28.93,23.84,vceulokc
94.58,13.13,luqubeti
99.8,25.19,aekslgqu
16.72,24.12,aoiltihr
82.76,29.25,yyjudwmd
23.94,10.44,tevouzco
11.01,72.93,tlwkqzyg
6.93,47.0,ujqruxxx
91.26,58.08,vrgqottq
71.2,85.17,qkjpeopx
51.29,29.06,ydbvzwpl
93.61,80.37,zbcjnsmf
26.65,10.99,tevouzco
40.19,65.62,bkqhrcrg
25.52,6.19,vmyjpwbc
7.23,59.73,aonpzaqt
92.88,11.55,ijjavgrh
32.92,66.33,vnzpyqjr
18.34,92.77,ijjavgrh
82.04,41.06,rnnztafc
67.75,2.65,qrecwitc
84.19,51.6,bkqhrcrg
39.14,68.5,aekslgqu
89.46,39.29,rnnztafc
23.68,80.14,oowkxckz
55.98,96.32,simxwafm
86.53,35.25,luqubeti
55.3,26.25,fpazssfj
26.57,49.84,qrecwitc
60.01,24.66,lcyhvahq
66.34,65.47,vceulokc
26.36,76.3,aekslgqu
81.06,8.37,aoiltihr
76.84,87.25,oowkxckz
0.13,24.07,aekslgqu
96.03,92.3,qkjpeopx
60.11,21.85,oowkxckz
43.59,9.9,tlwkqzyg
30.64,65.06,vceulokc
1.33,66.93,vrgqottq
9.62,47.87,simxwafm
29.38,87.18,vnzpyqjr
73.11,19.81,ydbvzwpl
75.21,15.59,ijjavgrh
67.29,16.84,nnmxcunf
24.87,69.29,zbcjnsmf
39.43,51.12,oowkxckz
41.21,28.57,meivjgum
54.74,34.04,luqubeti
38.79,84.83,ujqruxxx
54.74,20.51,vmyjpwbc
66.62,29.32,lcyhvahq
12.71,23.6,oowkxckz
61.88,86.03,bkqhrcrg
28.51,69.66,lcyhvahq
64.68,30.49,ujqruxxx
8.96,40.36,oowkxckz
68.63,64.8,tzncueca
8.26,5.3,idpsoguk
17.2,17.41,oowkxckz
6.37,79.81,ujqruxxx
9.17,91.7,qrecwitc
94.03,98.24,kwmdqsee
19.05,98.01,yyjudwmd
64.15,71.21,idpsoguk
20.53,48.63,vmyjpwbc
85.58,19.72,vnzpyqjr
47.07,52.19,rnnztafc
67.08,70.6,vceulokc
32.49,59.19,qkjpeopx
58.36,25.67,tlwkqzyg
40.51,29.85,nnmxcunf
92.59,58.58,ujqruxxx
17.46,58.43,bkqhrcrg
55.35,9.15,jzloniiw
80.34,93.96,nnmxcunf
30.56,33.61,fpazssfj
26.36,92.34,kwmdqsee
20.29,82.13,vnzpyqjr
99.0,3.4,jzloniiw
29.45,29.23,nnmxcunf
64.03,61.69,aekslgqu
71.44,69.58,zbcjnsmf
41.8,24.04,yyjudwmd
19.08,33.4,vrgqottq
91.63,26.26,tlwkqzyg
98.45,89.57,vmyjpwbc
85.66,40.44,rnnztafc
99.01,93.7,meivjgum
74.91,10.88,xeqcssgc
84.31,87.9,kwmdqsee
38.12,21.45,tevouzco
38.32,90.53,meivjgum
77.65,3.83,vrgqottq
48.32,19.12,qkjpeopx
91.27,57.59,vrgqottq
38.0,1.22,lcyhvahq
23.84,1.9,tzncueca
53.39,68.65,fpazssfj
23.14,0.2,kwmdqsee
81.09,21.68,qrecwitc
41.67,84.74,qrecwitc
31.18,12.08,aonpzaqt
3.43,59.27,simxwafm
75.46,68.97,aoiltihr
28.65,50.07,zbcjnsmf
38.54,72.17,aonpzaqt
75.31,86.52,nnmxcunf
84.11,15.97,qkjpeopx
12.92,60.89,aoiltihr
14.5,18.13,qkjpeopx
69.75,50.8,kwmdqsee
47.25,14.42,yyjudwmd
80.98,29.24,qrecwitc
63.2,53.63,qkjpeopx
77.6,11.22,tlwkqzyg
79.81,65.78,ijjavgrh
51.86,32.13,vrgqottq
11.01,5.8,aonpzaqt
16.13,46.71,qrecwitc
74.48,78.33,zbcjnsmf
42.86,32.68,ujqruxxx
52.13,87.39,zbcjnsmf
11.78,82.29,aekslgqu
56.0,26.03,zbcjnsmf
56.5,36.34,xeqcssgc
89.18,3.78,ydbvzwpl
33.61,66.35,kwmdqsee
70.14,32.46,fpazssfj
77.46,44.54,ijjavgrh
37.97,6.63,lcyhvahq
80.79,73.46,xeqcssgc
83.6,88.21,aonpzaqt
9.89,35.51,vrgqottq
20.36,99.47,yyjudwmd
96.32,59.43,qkjpeopx
26.6,83.75,lcyhvahq
86.56,18.68,rnnztafc
65.57,8.02,meivjgum
23.42,7.6,ydbvzwpl
66.2,81.62,ydbvzwpl
85.6,95.81,meivjgum
10.05,67.14,aoiltihr
33.83,73.4,vceulokc
79.95,90.09,ujqruxxx
4.84,19.83,aekslgqu
40.64,28.72,bkqhrcrg
24.87,36.68,meivjgum
15.36,9.5,yyjudwmd
37.11,33.26,aoiltihr
54.66,2.34,ydbvzwpl
69.74,7.46,rnnztafc
63.0,61.74,rnnztafc
46.07,30.08,nnmxcunf
34.07,2.34,vrgqottq
17.93,8.62,vrgqottq
57.03,59.33,aekslgqu
22.33,92.38,qkjpeopx
70.76,19.06,jzloniiw
15.13,99.61,bkqhrcrg
71.3,10.17,aonpzaqt
44.26,97.04,tzncueca
88.56,99.69,kwmdqsee
72.32,6.75,vmyjpwbc
28.79,32.16,kwmdqsee
73.4,41.62,nnmxcunf
25.36,54.41,aonpzaqt
78.37,61.79,rnnztafc
25.96,29.83,rnnztafc
59.76,91.8,tlwkqzyg
73.23,29.03,fpazssfj
52.45,59.35,ijjavgrh
43.6,52.74,ujqruxxx
6.27,52.63,ujqruxxx
6.95,20.51,idpsoguk
29.4,73.53,lcyhvahq
7.86,14.91,ujqruxxx
35.95,92.28,jzloniiw
42.54,91.7,tevouzco
47.67,79.44,vmyjpwbc
80.78,26.74,tevouzco
66.36,52.91,aekslgqu
50.05,72.15,tevouzco
40.72,77.77,vnzpyqjr
75.35,8.63,meivjgum
39.91,78.44,jzloniiw
3.21,0.74,vrgqottq
15.44,81.42,simxwafm
30.26,74.81,vceulokc
51.17,93.74,tlwkqzyg
83.27,91.06,aekslgqu
0.67,32.61,aonpzaqt
84.04,13.3,kwmdqsee
19.94,25.88,jzloniiw
77.55,72.2,vceulokc
30.94,43.12,ydbvzwpl
34.04,67.12,rnnztafc
3.54,36.28,luqubeti
27.2,37.92,vrgqottq
41.23,8.91,ydbvzwpl
95.02,3.23,ijjavgrh
26.6,28.5,ujqruxxx
71.25,11.23,aonpzaqt
25.78,94.07,vceulokc
67.5,84.39,rnnztafc
32.04,15.5,ijjavgrh
11.89,29.0,aonpzaqt
34.05,67.73,qrecwitc
48.68,52.8,qrecwitc
96.8,23.43,ijjavgrh
69.26,99.97,bkqhrcrg
56.18,0.71,rnnztafc
18.04,13.13,vnzpyqjr
21.12,62.2,vnzpyqjr
82.16,8.8,meivjgum
64.79,59.66,xeqcssgc
90.85,20.07,zbcjnsmf
45.82,86.34,bkqhrcrg
51.51,20.79,yyjudwmd
41.97,44.22,zbcjnsmf
26.58,77.23,vceulokc
60.56,43.63,bkqhrcrg
31.31,33.17,oowkxckz
13.51,98.42,bkqhrcrg
74.92,32.17,vnzpyqjr
46.8,45.26,meivjgum
63.6,94.49,aoiltihr
94.99,91.09,bkqhrcrg
80.33,80.68,bkqhrcrg
70.0,60.81,idpsoguk
54.05,54.57,lcyhvahq
9.12,35.58,vrgqottq
41.61,14.35,aoiltihr
54.62,0.45,zbcjnsmf
14.14,39.14,nnmxcunf
54.87,52.72,bkqhrcrg
97.67,6.81,zbcjnsmf
15.65,11.64,qkjpeopx
87.98,76.2,ujqruxxx
0.19,11.91,aoiltihr
78.52,48.45,vceulokc
86.2,84.39,simxwafm
55.62,90.13,ujqruxxx
66.45,43.13,lcyhvahq
30.69,32.51,idpsoguk
80.25,12.78,simxwafm
50.28,74.49,qkjpeopx
41.96,71.13,tevouzco
84.07,35.91,kwmdqsee
85.15,14.13,yyjudwmd
96.93,19.85,bkqhrcrg
97.2,82.1,vrgqottq
91.84,66.28,jzloniiw
97.55,99.4,vceulokc
86.42,58.37,nnmxcunf
50.59,5.55,rnnztafc
75.34,10.63,tevouzco
27.01,42.91,luqubeti
42.22,9.71,luqubeti
8.0,49.26,rnnztafc
62.86,40.36,jzloniiw
11.77,36.24,idpsoguk
67.57,68.1,ujqruxxx
78.58,28.01,nnmxcunf
24.35,45.91,ydbvzwpl
74.83,79.43,jzloniiw
40.81,14.13,nnmxcunf
39.83,29.7,qkjpeopx
5.92,8.41,tzncueca
12.45,16.61,ijjavgrh
96.08,54.21,nnmxcunf
63.35,72.52,tlwkqzyg
34.38,53.27,tzncueca
63.94,99.98,idpsoguk
16.54,77.28,qkjpeopx
6.3,22.61,aekslgqu
7.31,92.72,tlwkqzyg
65.05,17.47,simxwafm
17.63,86.95,aonpzaqt
30.86,27.9,ujqruxxx
85.75,78.56,tevouzco
79.71,68.36,aoiltihr
75.94,81.24,aekslgqu
91.56,18.81,fpazssfj
75.46,5.23,kwmdqsee
63.77,50.82,aonpzaqt
83.83,57.92,xeqcssgc
48.67,97.36,aoiltihr
86.6,32.29,zbcjnsmf
54.93,31.94,tlwkqzyg
39.42,83.63,yyjudwmd
71.45,45.98,ijjavgrh
41.73,57.55,tzncueca
38.7,76.63,jzloniiw
91.57,97.93,qrecwitc
39.56,46.27,meivjgum
85.43,0.84,simxwafm
0.42,33.6,ijjavgrh
55.3,91.61,qkjpeopx
59.84,82.78,zbcjnsmf
20.83,80.62,jzloniiw
88.51,5.56,xeqcssgc
24.99,56.54,vnzpyqjr
49.2,77.1,qrecwitc
47.4,27.67,tlwkqzyg
92.74,26.66,aekslgqu
73.65,16.67,aekslgqu
66.85,63.25,vnzpyqjr
38.0,4.44,simxwafm
57.77,85.45,bkqhrcrg
51.48,35.53,rnnztafc
46.58,27.48,tlwkqzyg
44.17,46.28,qkjpeopx
93.35,18.77,tzncueca
26.62,16.74,qkjpeopx
90.11,18.25,ydbvzwpl
61.62,22.92,ydbvzwpl
86.7,92.88,ydbvzwpl
30.17,15.04,nnmxcunf
17.68,95.43,aoiltihr
95.28,88.3,fpazssfj
59.52,13.46,xeqcssgc
77.8,52.22,simxwafm
26.76,82.36,zbcjnsmf
41.82,79.48,meivjgum
34.73,23.93,qrecwitc
72.44,87.18,oowkxckz
55.82,46.37,yyjudwmd
57.67,95.08,ijjavgrh
97.25,86.38,tzncueca
36.6,5.18,aekslgqu
61.76,78.57,lcyhvahq
57.43,97.4,aonpzaqt
5.3,28.71,qrecwitc
8.14,70.59,fpazssfj
70.37,82.01,vrgqottq
38.98,81.55,meivjgum
75.04,22.76,vnzpyqjr
39.59,25.54,tzncueca
40.49,58.45,tevouzco
8.66,9.46,vceulokc
48.56,88.48,qrecwitc
58.44,12.9,vmyjpwbc
4.67,39.49,yyjudwmd
29.84,1.37,idpsoguk
42.13,18.21,rnnztafc
43.78,3.61,qkjpeopx
2.55,71.81,tzncueca
50.89,45.15,kwmdqsee
52.36,79.71,qkjpeopx
47.1,5.16,aoiltihr
86.56,1.93,ydbvzwpl
87.38,57.38,rnnztafc
93.07,84.21,fpazssfj
28.57,12.24,ijjavgrh
52.33,11.19,aekslgqu
1.69,44.84,tevouzco
55.43,36.95,kwmdqsee
96.8,85.09,rnnztafc
59.16,28.48,rnnztafc
86.5,73.55,tevouzco
3.99,21.38,kwmdqsee
91.51,49.64,yyjudwmd
81.51,95.55,vrgqottq
50.72,80.75,vrgqottq
2.21,64.83,aekslgqu
83.05,21.61,lcyhvahq
51.19,97.39,ujqruxxx
3.45,42.34,jzloniiw
35.56,85.78,fpazssfj
61.33,78.54,idpsoguk
88.17,83.74,bkqhrcrg
66.64,84.86,ujqruxxx
79.88,4.51,aoiltihr
20.72,62.37,rnnztafc
87.64,49.16,kwmdqsee
92.95,23.91,jzloniiw
92.14,8.12,idpsoguk
98.92,29.5,ujqruxxx
48.95,75.76,fpazssfj
68.27,76.11,tevouzco
5.4,36.92,idpsoguk
73.23,66.28,vnzpyqjr
77.03,69.53,qrecwitc
38.13,48.3,tevouzco
68.71,91.07,idpsoguk
7.35,85.02,lcyhvahq
6.48,18.74,lcyhvahq
5.8,74.1,qkjpeopx
49.65,59.4,simxwafm
55.76,68.97,rnnztafc
95.29,31.07,zbcjnsmf
23.32,16.16,xeqcssgc
92.01,70.15,simxwafm
7.26,64.66,tzncueca
2.93,45.71,vceulokc
88.91,11.89,yyjudwmd
31.5,63.86,vnzpyqjr
5.16,83.09,yyjudwmd
76.26,51.49,vceulokc
52.43,60.4,simxwafm
17.24,95.73,idpsoguk
96.67,59.69,simxwafm
27.44,39.38,zbcjnsmf
96.75,8.75,xeqcssgc
73.84,71.8,qrecwitc
17.01,51.39,ydbvzwpl
31.53,28.42,luqubeti
80.62,29.76,simxwafm
99.69,55.61,luqubeti
19.89,32.55,kwmdqsee
18.13,14.28,yyjudwmd
14.53,17.71,ijjavgrh
68.1,65.39,meivjgum
30.58,6.76,bkqhrcrg
9.63,88.49,simxwafm
40.4,5.89,lcyhvahq
34.73,74.57,bkqhrcrg
52.0,37.55,aekslgqu
44.77,66.48,meivjgum
12.96,59.59,qrecwitc
99.44,6.42,vceulokc
58.73,12.95,vceulokc
71.37,61.3,aoiltihr
80.8,29.64,zbcjnsmf
65.83,6.43,nnmxcunf
74.44,65.85,fpazssfj
58.6,44.18,aekslgqu
98.99,45.07,idpsoguk
39.23,3.92,vnzpyqjr
90.14,10.85,ujqruxxx
39.1,46.76,oowkxckz
61.56,83.27,aoiltihr
25.59,65.89,nnmxcunf
28.36,68.08,bkqhrcrg
91.03,31.09,meivjgum
43.96,81.35,qkjpeopx
71.69,85.37,xeqcssgc
77.71,41.28,simxwafm
62.41,92.56,vrgqottq
25.5,45.66,nnmxcunf
55.07,38.36,ydbvzwpl
90.98,73.88,idpsoguk
82.49,7.91,luqubeti
97.31,29.31,lcyhvahq
32.76,68.44,xeqcssgc
56.0,67.79,vmyjpwbc
34.15,64.39,vmyjpwbc
26.44,88.66,tzncueca
85.77,19.87,fpazssfj
40.01,51.24,vrgqottq
43.84,64.26,ujqruxxx
84.72,19.64,yyjudwmd
92.22,19.61,rnnztafc
89.23,46.94,nnmxcunf
80.91,96.12,vmyjpwbc
1.37,50.91,meivjgum
23.73,95.42,ydbvzwpl
